{"loss": [NaN, NaN, NaN, NaN, NaN, NaN, NaN, NaN, NaN, NaN, NaN, NaN, NaN, NaN, NaN, NaN, NaN, NaN, NaN, NaN, NaN, NaN, NaN, NaN, NaN, NaN, NaN, NaN, NaN, NaN, NaN, NaN, NaN, NaN, NaN, NaN, NaN, NaN, NaN, NaN, NaN, NaN, NaN, NaN, NaN, NaN, NaN, NaN, NaN, NaN, NaN, NaN, NaN, NaN, NaN], "mae": [NaN, NaN, NaN, NaN, NaN, NaN, NaN, NaN, NaN, NaN, NaN, NaN, NaN, NaN, NaN, NaN, NaN, NaN, NaN, NaN, NaN, NaN, NaN, NaN, NaN, NaN, NaN, NaN, NaN, NaN, NaN, NaN, NaN, NaN, NaN, NaN, NaN, NaN, NaN, NaN, NaN, NaN, NaN, NaN, NaN, NaN, NaN, NaN, NaN, NaN, NaN, NaN, NaN, NaN, NaN], "mean_q": [NaN, NaN, NaN, NaN, NaN, NaN, NaN, NaN, NaN, NaN, NaN, NaN, NaN, NaN, NaN, NaN, NaN, NaN, NaN, NaN, NaN, NaN, NaN, NaN, NaN, NaN, NaN, NaN, NaN, NaN, NaN, NaN, NaN, NaN, NaN, NaN, NaN, NaN, NaN, NaN, NaN, NaN, NaN, NaN, NaN, NaN, NaN, NaN, NaN, NaN, NaN, NaN, NaN, NaN, NaN], "mean_eps": [NaN, NaN, NaN, NaN, NaN, NaN, NaN, NaN, NaN, NaN, NaN, NaN, NaN, NaN, NaN, NaN, NaN, NaN, NaN, NaN, NaN, NaN, NaN, NaN, NaN, NaN, NaN, NaN, NaN, NaN, NaN, NaN, NaN, NaN, NaN, NaN, NaN, NaN, NaN, NaN, NaN, NaN, NaN, NaN, NaN, NaN, NaN, NaN, NaN, NaN, NaN, NaN, NaN, NaN, NaN], "episode_reward": [-39.0, -149.0, -149.0, -67.0, -149.0, -149.0, -149.0, -69.0, -143.0, -70.0, -149.0, -19.0, -149.0, -79.0, -20.0, -149.0, -149.0, -102.0, 1.0, -32.0, -149.0, -1.0, -149.0, -149.0, -3.0, -149.0, -149.0, -45.0, -149.0, -149.0, -114.0, -149.0, -88.0, -18.0, -30.0, -62.0, -57.0, -149.0, -149.0, -114.0, -112.0, 1.0, -2.0, -28.0, -149.0, 1.0, -81.0, -9.0, -7.0, -31.0, -64.0, -149.0, -149.0, -118.0, 1.0], "nb_episode_steps": [41, 149, 149, 69, 149, 149, 149, 71, 145, 72, 149, 21, 149, 81, 22, 149, 149, 104, 1, 34, 149, 3, 149, 149, 5, 149, 149, 47, 149, 149, 116, 149, 90, 20, 32, 64, 59, 149, 149, 116, 114, 1, 4, 30, 149, 1, 83, 11, 9, 33, 66, 149, 149, 120, 1], "nb_steps": [41, 190, 339, 408, 557, 706, 855, 926, 1071, 1143, 1292, 1313, 1462, 1543, 1565, 1714, 1863, 1967, 1968, 2002, 2151, 2154, 2303, 2452, 2457, 2606, 2755, 2802, 2951, 3100, 3216, 3365, 3455, 3475, 3507, 3571, 3630, 3779, 3928, 4044, 4158, 4159, 4163, 4193, 4342, 4343, 4426, 4437, 4446, 4479, 4545, 4694, 4843, 4963, 4964], "episode": [0, 1, 2, 3, 4, 5, 6, 7, 8, 9, 10, 11, 12, 13, 14, 15, 16, 17, 18, 19, 20, 21, 22, 23, 24, 25, 26, 27, 28, 29, 30, 31, 32, 33, 34, 35, 36, 37, 38, 39, 40, 41, 42, 43, 44, 45, 46, 47, 48, 49, 50, 51, 52, 53, 54], "duration": [3.1955249960301444, 3.286345625005197, 3.5744233800214715, 3.054500872036442, 5.301137761969585, 3.7045523449778557, 3.4949213020154275, 2.967199284990784, 3.281476350966841, 3.0011716639855877, 3.416734236991033, 2.7921584679861553, 3.4685912439599633, 3.563595633022487, 2.8160490749869496, 3.48321333702188, 3.399072927015368, 3.7455892610014416, 2.8254115600138903, 2.8845644560060464, 3.2605397569714114, 2.6842554890317842, 5.240795611985959, 3.3282846760121174, 2.7019451400265098, 3.2990256620105356, 3.337668082967866, 3.0215943719958887, 3.2422031019814312, 4.120992065989412, 4.373653665999882, 3.6036062510102056, 3.0258815009729005, 2.599189294036478, 2.7775355199701153, 2.8889508720021695, 2.894458612019662, 3.4969718460342847, 3.7197287650196813, 3.191177848028019, 3.272919286042452, 2.669670886010863, 2.4840226000524126, 2.594483124965336, 3.382120346010197, 3.601497396011837, 3.0064448410412297, 2.893311243969947, 4.110963526007254, 2.5441278170328587, 3.107014594017528, 3.354340107005555, 3.3802503810147755, 3.2898255470208824, 2.650895104976371]}